1,null,null,1
2,null,null,1
3,null,null,1
4,null,null,1
5,null,null,1
6,null,null,1
7,null,null,1
8,null,null,1
9,null,null,1
10,null,null,1
11,null,null,1
12,null,null,1
13,null,null,1
14,null,null,1
15,null,null,1
16,null,null,1
17,null,null,1
18,null,null,1
19,null,null,1
20,null,null,1
21,null,null,1
22,null,null,1
23,null,null,1
24,null,null,1
25,null,null,1
26,null,null,1
27,null,null,1
28,null,null,1
29,null,null,1
30,null,null,1
31,null,null,1
32,null,null,1
33,null,null,1
34,null,null,1
35,null,null,1
36,null,null,1
37,null,null,1
38,null,null,1
39,null,null,1
40,null,null,1
41,null,null,1
42,null,null,1
43,null,null,1
44,null,null,1
45,null,null,1
46,null,null,1
47,null,null,1
48,null,null,1
